date,url
1-Aug-18,
2-Aug-18,
3-Aug-18,
4-Aug-18,https://www.who.int/csr/don/4-august-2018-ebola-drc/en/
5-Aug-18,
6-Aug-18,
7-Aug-18,https://apps.who.int/iris/bitstream/handle/10665/273640/SITREP_EVD_DRC_20180807-eng.pdf?ua=1
8-Aug-18,
9-Aug-18,https://www.who.int/csr/don/9-august-2018-ebola-drc/en/
10-Aug-18,
11-Aug-18,
12-Aug-18,
13-Aug-18,https://apps.who.int/iris/bitstream/handle/10665/273867/SITREP_EVD_DRC_20180814-eng.pdf?ua=1   
14-Aug-18,https://www.who.int/csr/don/14-august-2018-ebola-drc/en/
15-Aug-18,
16-Aug-18,
17-Aug-18,https://www.who.int/csr/don/17-august-2018-ebola-drc/en/
18-Aug-18,
19-Aug-18,
20-Aug-18,
21-Aug-18,
22-Aug-18,https://apps.who.int/iris/bitstream/handle/10665/274258/SITREP_EVD_DRC_20180820-eng.pdf?ua=1
23-Aug-18,
24-Aug-18,https://www.who.int/csr/don/24-august-2018-ebola-drc/en/
25-Aug-18,
26-Aug-18,
27-Aug-18,
28-Aug-18,https://apps.who.int/iris/bitstream/handle/10665/274284/SITREP_EVD_DRC_20180826-eng.pdf?ua=1
29-Aug-18,
30-Aug-18,
31-Aug-18,https://www.who.int/csr/don/31-august-2018-ebola-drc/en/
1-Sep-18,
2-Sep-18,
3-Sep-18,
4-Sep-18,https://apps.who.int/iris/bitstream/handle/10665/274306/SITREP_EVD_DRC_20180904-eng.pdf?ua=1
5-Sep-18,
6-Sep-18,
7-Sep-18,https://www.who.int/csr/don/7-september-2018-ebola-drc/en/
8-Sep-18,
9-Sep-18,
10-Sep-18,
11-Sep-18,https://apps.who.int/iris/bitstream/handle/10665/274347/SITREP_EVD_DRC_201809011-eng.pdf?ua=1
12-Sep-18,
13-Sep-18,
14-Sep-18,https://www.who.int/csr/don/14-september-2018-ebola-drc/en/
15-Sep-18,
16-Sep-18,
17-Sep-18,
18-Sep-18,https://apps.who.int/iris/bitstream/handle/10665/274530/SITREP_EVD_DRC_20180918-eng.pdf?ua=1
19-Sep-18,
20-Sep-18,https://www.who.int/csr/don/20-september-2018-ebola-drc/en/
21-Sep-18,
22-Sep-18,
23-Sep-18,
24-Sep-18,
25-Sep-18,https://apps.who.int/iris/bitstream/handle/10665/274863/SITREP_EVD_DRC_20180925-eng.pdf?ua=1
26-Sep-18,
27-Sep-18,https://www.who.int/csr/don/27-september-2018-ebola-drc/en/
28-Sep-18,
29-Sep-18,
30-Sep-18,
1-Oct-18,
2-Oct-18,
3-Oct-18,https://apps.who.int/iris/bitstream/handle/10665/275330/SITREP_EVD_DRC_20181004-eng.pdf?ua=1       
4-Oct-18,https://www.who.int/csr/don/04-october-2018-ebola-drc/en/
5-Oct-18,
6-Oct-18,
7-Oct-18,
8-Oct-18,
9-Oct-18,https://apps.who.int/iris/bitstream/handle/10665/275373/SITREP_EVD_DRC_20181009-eng.pdf?ua=1
10-Oct-18,
11-Oct-18,https://www.who.int/csr/don/11-october-2018-ebola-drc/en/
12-Oct-18,
13-Oct-18,
14-Oct-18,
15-Oct-18,
16-Oct-18,
17-Oct-18,https://apps.who.int/iris/bitstream/handle/10665/275458/SITREP_EVD_DRC_20181017-eng.pdf?ua=1
18-Oct-18,https://www.who.int/csr/don/18-october-2018-ebola-drc/en/
19-Oct-18,
20-Oct-18,
21-Oct-18,
22-Oct-18,
23-Oct-18,https://apps.who.int/iris/bitstream/handle/10665/275517/SITREP_EVD_DRC_20181023-eng.pdf?ua=1
24-Oct-18,
25-Oct-18,https://www.who.int/csr/don/25-october-2018-ebola-drc/en/
26-Oct-18,
27-Oct-18,
28-Oct-18,
29-Oct-18,
30-Oct-18,https://apps.who.int/iris/bitstream/handle/10665/275658/SITREP_EVD_DRC_20181030-eng.pdf?ua=1
31-Oct-18,
1-Nov-18,https://www.who.int/csr/don/01-november-2018-ebola-drc/en/
2-Nov-18,
3-Nov-18,
4-Nov-18,
5-Nov-18,
6-Nov-18,https://apps.who.int/iris/bitstream/handle/10665/275757/SITREP_EVD_DRC_20181106-eng.pdf?ua=1
7-Nov-18,
8-Nov-18,https://www.who.int/csr/don/08-november-2018-ebola-drc/en/
9-Nov-18,
10-Nov-18,
11-Nov-18,
12-Nov-18,
13-Nov-18,https://apps.who.int/iris/bitstream/handle/10665/275855/SITREP_EVD_DRC_20181113-eng.pdf?ua=1
14-Nov-18,
15-Nov-18,https://www.who.int/csr/don/15-november-2018-ebola-drc/en/
16-Nov-18,
17-Nov-18,
18-Nov-18,
19-Nov-18,
20-Nov-18,
21-Nov-18,https://apps.who.int/iris/bitstream/handle/10665/275944/SITREP_EVD_DRC_20181121-eng.pdf?ua=1
22-Nov-18,https://www.who.int/csr/don/22-november-2018-ebola-drc/en/
23-Nov-18,
24-Nov-18,
25-Nov-18,
26-Nov-18,
27-Nov-18,
28-Nov-18,https://apps.who.int/iris/bitstream/handle/10665/276198/SITREP_EVD_DRC_20181128-eng.pdf?ua=1
29-Nov-18,https://www.who.int/csr/don/29-november-2018-ebola-drc/en/
30-Nov-18,
1-Dec-18,
2-Dec-18,
3-Dec-18,
4-Dec-18,
5-Dec-18,https://apps.who.int/iris/bitstream/handle/10665/276464/SITREP_EVD_DRC_20181205-eng.pdf?ua=1
6-Dec-18,https://www.who.int/csr/don/06-December-2018-ebola-drc/en/
7-Dec-18,
8-Dec-18,
9-Dec-18,
10-Dec-18,
11-Dec-18,
12-Dec-18,https://apps.who.int/iris/bitstream/handle/10665/276811/SITREP_EVD_DRC_20181212-eng.pdf?ua=1
13-Dec-18,https://www.who.int/csr/don/13-December-2018-ebola-drc/en/
14-Dec-18,
15-Dec-18,
16-Dec-18,
17-Dec-18,
18-Dec-18,https://apps.who.int/iris/bitstream/handle/10665/277237/SITREP_EVD_DRC_20181218-eng.pdf?ua=1
19-Dec-18,
20-Dec-18,https://www.who.int/csr/don/20-december-2018-ebola-drc/en/
21-Dec-18,
22-Dec-18,
23-Dec-18,
24-Dec-18,
25-Dec-18,
26-Dec-18,
27-Dec-18,https://apps.who.int/iris/bitstream/handle/10665/277405/SITREP-EVD-DRC-20181227-eng.pdf?ua=1
28-Dec-18,https://www.who.int/csr/don/28-december-2018-ebola-drc/en/
29-Dec-18,
30-Dec-18,
31-Dec-18,
1-Jan-19,
2-Jan-19,
3-Jan-19,https://apps.who.int/iris/bitstream/handle/10665/277472/SITREP-EVD-DRC-20190103-eng.pdf?ua=1
4-Jan-19,https://www.who.int/csr/don/04-january-2019-ebola-drc/en/
5-Jan-19,
6-Jan-19,
7-Jan-19,
8-Jan-19,https://apps.who.int/iris/bitstream/handle/10665/278978/SITREP_EVD_DRC_20190108-eng.pdf?ua=1
9-Jan-19,
10-Jan-19,https://www.who.int/csr/don/10-january-2019-ebola-drc/en/
11-Jan-19,
12-Jan-19,
13-Jan-19,
14-Jan-19,https://apps.who.int/iris/bitstream/handle/10665/279604/SITREP_EVD_DRC_20190116-eng.pdf?ua=1
15-Jan-19,
16-Jan-19,
17-Jan-19,https://www.who.int/csr/don/17-january-2019-ebola-drc/en/
18-Jan-19,
19-Jan-19,
20-Jan-19,
21-Jan-19,https://apps.who.int/iris/bitstream/handle/10665/279811/SITREP_EVD_DRC_20190123-eng.pdf?ua=1
22-Jan-19,
23-Jan-19,
24-Jan-19,https://www.who.int/csr/don/24-january-2019-ebola-drc/en/
25-Jan-19,
26-Jan-19,
27-Jan-19,
28-Jan-19,
29-Jan-19,
30-Jan-19,https://apps.who.int/iris/bitstream/handle/10665/279910/SITREP_EVD_DRC_20190130-eng.pdf?ua=1
31-Jan-19,https://www.who.int/csr/don/31-january-2019-ebola-drc/en/
1-Feb-19,
2-Feb-19,
3-Feb-19,
4-Feb-19,
5-Feb-19,https://apps.who.int/iris/bitstream/handle/10665/279992/SITREP_EVD_DRC_20190205-eng.pdf?ua=1
6-Feb-19,
7-Feb-19,https://www.who.int/csr/don/14-february-2019-ebola-drc/en/
8-Feb-19,
9-Feb-19,
10-Feb-19,
11-Feb-19,
12-Feb-19,https://apps.who.int/iris/bitstream/handle/10665/281194/SITREP_EVD_DRC_20190212-eng.pdf?ua=1
13-Feb-19,
14-Feb-19,https://www.who.int/csr/don/14-february-2019-ebola-drc/en/
15-Feb-19,
16-Feb-19,
17-Feb-19,
18-Feb-19,
19-Feb-19,https://apps.who.int/iris/bitstream/handle/10665/310928/SITREP_EVD_DRC_20190219-eng.pdf?ua=1
20-Feb-19,
21-Feb-19,https://www.who.int/csr/don/21-february-2019-ebola-drc/en/
22-Feb-19,
23-Feb-19,
24-Feb-19,
25-Feb-19,
26-Feb-19,https://apps.who.int/iris/bitstream/handle/10665/310996/SITREP_EVD_DRC_20190226-eng.pdf?ua=1
27-Feb-19,
28-Feb-19,https://www.who.int/csr/don/28-february-2019-ebola-drc/en/
1-Mar-19,
2-Mar-19,
3-Mar-19,
4-Mar-19,
5-Mar-19,https://apps.who.int/iris/bitstream/handle/10665/311104/SITREP_EVD_DRC_20190305-eng.pdf?ua=1
6-Mar-19,
7-Mar-19,https://www.who.int/csr/don/7-march-2019-ebola-drc/en/
8-Mar-19,
9-Mar-19,
10-Mar-19,
11-Mar-19,
12-Mar-19,https://apps.who.int/iris/bitstream/handle/10665/311242/SITREP_EVD_DRC_20190310-eng.pdf?ua=1
13-Mar-19,
14-Mar-19,https://www.who.int/csr/don/14-march-2019-ebola-drc/en/
15-Mar-19,
16-Mar-19,
17-Mar-19,
18-Mar-19,
19-Mar-19,https://apps.who.int/iris/bitstream/handle/10665/311380/SITREP_EVD_DRC_20190319-eng.pdf?ua=1
20-Mar-19,
21-Mar-19,https://www.who.int/csr/don/21-march-2019-ebola-drc/en/
22-Mar-19,
23-Mar-19,
24-Mar-19,
25-Mar-19,
26-Mar-19,https://apps.who.int/iris/bitstream/handle/10665/311507/SITREP_EVD_DRC_20190326-eng.pdf?ua=1
27-Mar-19,
28-Mar-19,https://www.who.int/csr/don/28-march-2019-ebola-drc/en/
29-Mar-19,
30-Mar-19,
31-Mar-19,
1-Apr-19,
2-Apr-19,https://apps.who.int/iris/bitstream/handle/10665/311641/SITREP_EVD_DRC_20190331-eng.pdf?ua=1
3-Apr-19,
4-Apr-19,https://www.who.int/csr/don/04-april-2019-ebola-drc/en/
5-Apr-19,
6-Apr-19,
7-Apr-19,
8-Apr-19,
9-Apr-19,https://apps.who.int/iris/bitstream/handle/10665/311805/SITREP-EVD-DRC-20190407-eng.pdf?ua=1
10-Apr-19,
11-Apr-19,https://www.who.int/csr/don/11-april-2019-ebola-drc/en/
12-Apr-19,
13-Apr-19,
14-Apr-19,
15-Apr-19,
16-Apr-19,https://apps.who.int/iris/bitstream/handle/10665/311972/SITREP_EVD_DRC-20190416-eng.pdf?ua=1
17-Apr-19,
18-Apr-19,https://www.who.int/csr/don/18-april-2019-ebola-drc/en/
19-Apr-19,
20-Apr-19,
21-Apr-19,
22-Apr-19,
23-Apr-19,
24-Apr-19,https://apps.who.int/iris/bitstream/handle/10665/312080/SITREP-EVD-DRC-20192404-eng.pdf?ua=1
25-Apr-19,https://www.who.int/csr/don/25-april-2019-ebola-drc/en/
26-Apr-19,
27-Apr-19,
28-Apr-19,
29-Apr-19,
30-Apr-19,http://newsletters.afro.who.int/icfiles/1/46425/184054/6134450/97816cb57ede15249d4eb5b5/sitrep_evd_drc_20190430-eng.pdf?ua=1
1-May-19,
2-May-19,https://www.who.int/csr/don/02-may-2019-ebola-drc/en/
3-May-19,
4-May-19,
5-May-19,
6-May-19,
7-May-19,https://apps.who.int/iris/bitstream/handle/10665/312264/SITREP_EVD_DRC_20190507-eng.pdf?ua=1
8-May-19,
9-May-19,https://www.who.int/csr/don/09-may-2019-ebola-drc/en/
10-May-19,
11-May-19,
12-May-19,
13-May-19,
14-May-19,https://apps.who.int/iris/bitstream/handle/10665/312376/SITREP_EVD_DRC_20190514-eng.pdf?ua=1
15-May-19,
16-May-19,https://www.who.int/csr/don/16-may-2019-ebola-drc/en/
17-May-19,
18-May-19,
19-May-19,
20-May-19,
21-May-19,https://apps.who.int/iris/bitstream/handle/10665/324843/SITREP_EVD_DRC_20190521-eng.pdf?ua=1
22-May-19,
23-May-19,https://www.who.int/csr/don/23-may-2019-ebola-drc/en/
24-May-19,
25-May-19,
26-May-19,
27-May-19,
28-May-19,https://apps.who.int/iris/bitstream/handle/10665/324996/SITREP_EVD_DRC_20190528-eng.pdf?ua=1
29-May-19,
30-May-19,https://www.who.int/csr/don/30-may-2019-ebola-drc/en/
31-May-19,
1-Jun-19,
2-Jun-19,
3-Jun-19,
4-Jun-19,https://apps.who.int/iris/bitstream/handle/10665/325126/SITREP_EVD_DRC_20190602-eng.pdf?ua=1
5-Jun-19,
6-Jun-19,https://www.who.int/csr/don/06-june-2019-ebola-drc/en/
7-Jun-19,
8-Jun-19,
9-Jun-19,
10-Jun-19,
11-Jun-19,
12-Jun-19,https://apps.who.int/iris/bitstream/handle/10665/325242/SITREP_EVD_DRC_UGA_20190612-eng.pdf?ua=1
13-Jun-19,https://www.who.int/csr/don/13-june-2019-ebola-drc/en/
14-Jun-19,
15-Jun-19,
16-Jun-19,
17-Jun-19,
18-Jun-19,https://apps.who.int/iris/bitstream/handle/10665/325405/SITREP_EVD_DRC_20190618-eng.pdf?ua=1
19-Jun-19,
20-Jun-19,https://www.who.int/csr/don/20-june-2019-ebola-drc/en/
21-Jun-19,
22-Jun-19,
23-Jun-19,
24-Jun-19,
25-Jun-19,
